{
    "properties": [
        {
            "type": "property:mod",
            "mod": "integrateddynamics"
        }
    ],
    "classes": [
        {
            "type": "document:class",
            "className": "com.prunoideae.probejs.DocumentedRecipes",
            "fields": [
                {
                    "type": "document:field",
                    "name": "integrateddynamics",
                    "final": true,
                    "fieldType": {
                        "type": "type:class",
                        "name": "com.prunoideae.probejs.IntegratedDynamicsRecipes"
                    }
                }
            ]
        },
        {
            "type": "document:class",
            "className": "com.prunoideae.probejs.IntegratedDynamicsRecipes",
            "methods": [
                {
                    "type": "document:method",
                    "name": "squeezer",
                    "params": [
                        {
                            "type": "property:param",
                            "name": "outputs",
                            "paramType": {
                                "type": "type:array",
                                "component": {
                                    "type": "type:class",
                                    "name": "dev.latvian.mods.kubejs.item.ItemStackJS"
                                }
                            }
                        },
                        {
                            "type": "property:param",
                            "name": "input",
                            "paramType": {
                                "type": "type:class",
                                "name": "dev.latvian.mods.kubejs.item.ingredient.IngredientJS"
                            }
                        }
                    ],
                    "returns": {
                        "type": "type:class",
                        "name": "dev.latvian.kubejs.recipe.mod.IDSqueezerRecipeJS"
                    }
                },
                {
                    "type": "document:method",
                    "name": "mechanical_squeezer",
                    "params": [
                        {
                            "type": "property:param",
                            "name": "outputs",
                            "paramType": {
                                "type": "type:array",
                                "component": {
                                    "type": "type:class",
                                    "name": "dev.latvian.mods.kubejs.item.ItemStackJS"
                                }
                            }
                        },
                        {
                            "type": "property:param",
                            "name": "input",
                            "paramType": {
                                "type": "type:class",
                                "name": "dev.latvian.mods.kubejs.item.ingredient.IngredientJS"
                            }
                        }
                    ],
                    "returns": {
                        "type": "type:class",
                        "name": "dev.latvian.kubejs.recipe.mod.IDSqueezerRecipeJS"
                    }
                }
            ]
        }
    ]
}