{
    "properties": [
        {
            "type": "property:mod",
            "mod": "ars_nouveau"
        }
    ],
    "classes": [
        {
            "type": "document:class",
            "className": "com.prunoideae.probejs.DocumentedRecipes",
            "fields": [
                {
                    "type": "document:field",
                    "name": "ars_nouveau",
                    "final": true,
                    "fieldType": {
                        "type": "type:class",
                        "name": "com.prunoideae.probejs.ArsNouveauRecipes"
                    }
                }
            ]
        },
        {
            "type": "document:class",
            "className": "com.prunoideae.probejs.ArsNouveauRecipes",
            "methods": [
                {
                    "type": "document:method",
                    "name": "enchanting_apparatus",
                    "params": [
                        {
                            "type": "property:param",
                            "name": "output",
                            "paramType": {
                                "type": "type:class",
                                "name": "dev.latvian.mods.kubejs.item.ItemStackJS"
                            }
                        },
                        {
                            "type": "property:param",
                            "name": "reagent",
                            "paramType": {
                                "type": "type:class",
                                "name": "dev.latvian.mods.kubejs.item.ingredient.IngredientJS"
                            }
                        },
                        {
                            "type": "property:param",
                            "name": "inputs",
                            "paramType": {
                                "type": "type:array",
                                "component": {
                                    "type": "type:class",
                                    "name": "dev.latvian.mods.kubejs.item.ingredient.IngredientJS"
                                }
                            }
                        }
                    ],
                    "returns": {
                        "type": "type:class",
                        "name": "dev.latvian.mods.kubejs.recipe.mod.ArsNouveauEnchantingApparatusRecipeJS"
                    }
                },
                {
                    "type": "document:method",
                    "name": "enchantment",
                    "params": [
                        {
                            "type": "property:param",
                            "name": "enchantment",
                            "paramType": {
                                "type": "type:primitive",
                                "name": "Special.Enchantment"
                            }
                        },
                        {
                            "type": "property:param",
                            "name": "level",
                            "paramType": {
                                "type": "type:primitive",
                                "name": "number"
                            }
                        },
                        {
                            "type": "property:param",
                            "name": "inputs",
                            "paramType": {
                                "type": "type:array",
                                "component": {
                                    "type": "type:class",
                                    "name": "dev.latvian.mods.kubejs.item.ingredient.IngredientJS"
                                }
                            }
                        },
                        {
                            "type": "property:param",
                            "name": "mana",
                            "paramType": {
                                "type": "type:primitive",
                                "name": "number"
                            }
                        }
                    ],
                    "returns": {
                        "type": "type:class",
                        "name": "dev.latvian.mods.kubejs.recipe.mod.ArsNouveauEnchantmentRecipeJS"
                    }
                },
                {
                    "type": "document:method",
                    "name": "enchantment",
                    "params": [
                        {
                            "type": "property:param",
                            "name": "enchantment",
                            "paramType": {
                                "type": "type:primitive",
                                "name": "Special.Enchantment"
                            }
                        },
                        {
                            "type": "property:param",
                            "name": "level",
                            "paramType": {
                                "type": "type:primitive",
                                "name": "number"
                            }
                        },
                        {
                            "type": "property:param",
                            "name": "inputs",
                            "paramType": {
                                "type": "type:array",
                                "component": {
                                    "type": "type:class",
                                    "name": "dev.latvian.mods.kubejs.item.ingredient.IngredientJS"
                                }
                            }
                        }
                    ],
                    "returns": {
                        "type": "type:class",
                        "name": "dev.latvian.mods.kubejs.recipe.mod.ArsNouveauEnchantmentRecipeJS"
                    }
                },
                {
                    "type": "document:method",
                    "name": "glyph_recipe",
                    "params": [
                        {
                            "type": "property:param",
                            "name": "output",
                            "paramType": {
                                "type": "type:class",
                                "name": "dev.latvian.mods.kubejs.item.ItemStackJS"
                            }
                        },
                        {
                            "type": "property:param",
                            "name": "input",
                            "paramType": {
                                "type": "type:class",
                                "name": "dev.latvian.mods.kubejs.item.ingredient.IngredientJS"
                            }
                        },
                        {
                            "type": "property:param",
                            "name": "tier",
                            "paramType": {
                                "type": "type:primitive",
                                "name": "string"
                            }
                        }
                    ],
                    "returns": {
                        "type": "type:class",
                        "name": "dev.latvian.mods.kubejs.recipe.mod.ArsNouveauEnchantingApparatusRecipeJS"
                    }
                }
            ]
        }
    ]
}