{
    "classes": [
        {
            "type": "document:class",
            "className": "dev.latvian.mods.kubejs.player.PlayerEventJS",
            "methods": [
                {
                    "type": "document:method",
                    "name": "getPlayer",
                    "static": false,
                    "abstract": false,
                    "params": [],
                    "returns": {
                        "type": "type:parameterized",
                        "params": [
                            {
                                "type": "type:class",
                                "name": "java.lang.Object"
                            }
                        ],
                        "base": {
                            "type": "type:class",
                            "name": "dev.latvian.mods.kubejs.player.PlayerJS"
                        }
                    },
                    "properties": [
                        {
                            "type": "property:returns",
                            "returns": {
                                "type": "type:parameterized",
                                "base": {
                                    "type": "type:class",
                                    "name": "dev.latvian.mods.kubejs.player.PlayerJS"
                                },
                                "params": [
                                    {
                                        "type": "type:class",
                                        "name": "net.minecraft.world.entity.player.Player"
                                    }
                                ]
                            }
                        }
                    ]
                }
            ]
        },
        {
            "type": "document:class",
            "className": "dev.latvian.mods.kubejs.item.ItemTooltipEventJS",
            "methods": [
                {
                    "type": "document:method",
                    "name": "addAdvanced",
                    "static": false,
                    "abstract": false,
                    "params": [
                        {
                            "type": "property:param",
                            "name": "item",
                            "paramType": {
                                "type": "type:class",
                                "name": "java.lang.Object"
                            },
                            "varArg": false
                        },
                        {
                            "type": "property:param",
                            "name": "handler",
                            "paramType": {
                                "type": "type:class",
                                "name": "dev.latvian.mods.kubejs.item.ItemTooltipEventJS$StaticTooltipHandlerFromJS"
                            },
                            "varArg": false
                        }
                    ],
                    "returns": {
                        "type": "type:class",
                        "name": "void"
                    },
                    "properties": [
                        {
                            "type": "property:modify",
                            "index": 0,
                            "newType": {
                                "type": "type:class",
                                "name": "dev.latvian.mods.kubejs.item.ingredient.IngredientJS"
                            }
                        }
                    ]
                },
                {
                    "type": "document:method",
                    "name": "add",
                    "static": false,
                    "abstract": false,
                    "params": [
                        {
                            "type": "property:param",
                            "name": "item",
                            "paramType": {
                                "type": "type:class",
                                "name": "java.lang.Object"
                            },
                            "varArg": false
                        },
                        {
                            "type": "property:param",
                            "name": "text",
                            "paramType": {
                                "type": "type:class",
                                "name": "java.lang.Object"
                            },
                            "varArg": false
                        }
                    ],
                    "returns": {
                        "type": "type:class",
                        "name": "void"
                    },
                    "properties": [
                        {
                            "type": "property:modify",
                            "index": 0,
                            "newType": {
                                "type": "type:class",
                                "name": "dev.latvian.mods.kubejs.item.ingredient.IngredientJS"
                            }
                        },
                        {
                            "type": "property:modify",
                            "index": 1,
                            "newType": {
                                "type": "type:parameterized",
                                "base": {
                                    "type": "type:class",
                                    "name": "com.prunoideae.probejs.types.ArrayOrSelf"
                                },
                                "params": [
                                    {
                                        "type": "type:class",
                                        "name": "net.minecraft.network.chat.Component"
                                    }
                                ]
                            }
                        }
                    ]
                },
                {
                    "type": "document:method",
                    "name": "addToAll",
                    "static": false,
                    "abstract": false,
                    "params": [
                        {
                            "type": "property:param",
                            "name": "text",
                            "paramType": {
                                "type": "type:class",
                                "name": "java.lang.Object"
                            },
                            "varArg": false
                        }
                    ],
                    "returns": {
                        "type": "type:class",
                        "name": "void"
                    },
                    "properties": [
                        {
                            "type": "property:modify",
                            "index": 0,
                            "newType": {
                                "type": "type:class",
                                "name": "net.minecraft.network.chat.Component"
                            }
                        }
                    ]
                }
            ]
        },
        {
            "type": "document:class",
            "className": "dev.latvian.mods.kubejs.item.ItemTooltipEventJS$StaticTooltipHandlerFromJS",
            "fields": [],
            "methods": [
                {
                    "type": "document:method",
                    "name": "accept",
                    "static": false,
                    "abstract": true,
                    "params": [
                        {
                            "type": "property:param",
                            "name": "arg0",
                            "paramType": {
                                "type": "type:class",
                                "name": "dev.latvian.mods.kubejs.item.ItemStackJS"
                            },
                            "varArg": false
                        },
                        {
                            "type": "property:param",
                            "name": "arg1",
                            "paramType": {
                                "type": "type:class",
                                "name": "boolean"
                            },
                            "varArg": false
                        },
                        {
                            "type": "property:param",
                            "name": "arg2",
                            "paramType": {
                                "type": "type:parameterized",
                                "params": [
                                    {
                                        "type": "type:class",
                                        "name": "java.lang.Object"
                                    }
                                ],
                                "base": {
                                    "type": "type:class",
                                    "name": "java.util.List"
                                }
                            },
                            "varArg": false
                        }
                    ],
                    "returns": {
                        "type": "type:class",
                        "name": "void"
                    },
                    "properties": [
                        {
                            "type": "property:modify",
                            "index": 0,
                            "name": "itemStack"
                        },
                        {
                            "type": "property:modify",
                            "index": 1,
                            "name": "isAdvanced"
                        },
                        {
                            "type": "property:modify",
                            "index": 2,
                            "name": "lines",
                            "newType": {
                                "type": "type:parameterized",
                                "base": {
                                    "type": "type:class",
                                    "name": "java.util.List"
                                },
                                "params": [
                                    {
                                        "type": "type:class",
                                        "name": "net.minecraft.network.chat.Component",
                                        "properties": [
                                            {
                                                "type": "property:underscored"
                                            }
                                        ]
                                    }
                                ]
                            }
                        }
                    ]
                }
            ],
            "constructors": []
        }
    ]
}