{"com.tac.guns.client.event.PlayerModelEvent$SetupAngles$Pre":"com.tac.guns.client.event.PlayerModelEvent$SetupAngles$Pre","net.minecraftforge.event.entity.player.PlayerEvent$LoadFromFile":"net.minecraftforge.event.entity.player.PlayerEvent$LoadFromFile","net.minecraftforge.client.event.EntityViewRenderEvent$FogColors":"net.minecraftforge.client.event.EntityViewRenderEvent$FogColors","mcp.mobius.waila.api.event.WailaRenderEvent$Color":"mcp.mobius.waila.api.event.WailaRenderEvent$Color","net.minecraftforge.event.furnace.FurnaceFuelBurnTimeEvent":"net.minecraftforge.event.furnace.FurnaceFuelBurnTimeEvent","net.minecraftforge.event.village.VillagerTradesEvent":"net.minecraftforge.event.village.VillagerTradesEvent","net.minecraftforge.event.entity.player.PlayerEvent$HarvestCheck":"net.minecraftforge.event.entity.player.PlayerEvent$HarvestCheck","net.minecraftforge.event.AddReloadListenerEvent":"net.minecraftforge.event.AddReloadListenerEvent","net.minecraftforge.event.entity.player.PlayerEvent$StopTracking":"net.minecraftforge.event.entity.player.PlayerEvent$StopTracking","net.minecraftforge.client.event.InputEvent$MouseInputEvent":"net.minecraftforge.client.event.InputEvent$MouseInputEvent","net.minecraftforge.client.event.ScreenEvent$DrawScreenEvent$Post":"net.minecraftforge.client.event.ScreenEvent$DrawScreenEvent$Post","net.minecraftforge.client.event.EntityViewRenderEvent$CameraSetup":"net.minecraftforge.client.event.EntityViewRenderEvent$CameraSetup","net.minecraftforge.client.event.InputEvent$MouseScrollEvent":"net.minecraftforge.client.event.InputEvent$MouseScrollEvent","net.minecraftforge.client.event.RenderHandEvent":"net.minecraftforge.client.event.RenderHandEvent","net.minecraftforge.event.RegisterCommandsEvent":"net.minecraftforge.event.RegisterCommandsEvent","net.minecraftforge.event.world.BlockEvent$FluidPlaceBlockEvent":"net.minecraftforge.event.world.BlockEvent$FluidPlaceBlockEvent","net.minecraftforge.event.entity.living.LivingSpawnEvent$AllowDespawn":"net.minecraftforge.event.entity.living.LivingSpawnEvent$AllowDespawn","net.minecraftforge.event.entity.player.PlayerEvent$PlayerLoggedInEvent":"net.minecraftforge.event.entity.player.PlayerEvent$PlayerLoggedInEvent","net.minecraftforge.client.event.RenderLivingEvent$Pre":"net.minecraftforge.client.event.RenderLivingEvent$Pre","net.minecraftforge.event.world.ChunkWatchEvent$Watch":"net.minecraftforge.event.world.ChunkWatchEvent$Watch","net.minecraftforge.event.server.ServerStartedEvent":"net.minecraftforge.event.server.ServerStartedEvent","net.minecraftforge.client.event.RenderNameplateEvent":"net.minecraftforge.client.event.RenderNameplateEvent","net.minecraftforge.client.event.ScreenEvent$MouseClickedEvent$Pre":"net.minecraftforge.client.event.ScreenEvent$MouseClickedEvent$Pre","net.minecraftforge.event.entity.EntityJoinWorldEvent":"net.minecraftforge.event.entity.EntityJoinWorldEvent","net.minecraftforge.client.event.EntityViewRenderEvent$RenderFogEvent":"net.minecraftforge.client.event.EntityViewRenderEvent$RenderFogEvent","net.minecraftforge.event.entity.living.LivingEvent$LivingVisibilityEvent":"net.minecraftforge.event.entity.living.LivingEvent$LivingVisibilityEvent","net.minecraftforge.event.TagsUpdatedEvent":"net.minecraftforge.event.TagsUpdatedEvent","net.minecraftforge.client.event.ScreenEvent$MouseReleasedEvent$Post":"net.minecraftforge.client.event.ScreenEvent$MouseReleasedEvent$Post","net.minecraftforge.event.entity.player.ItemTooltipEvent":"net.minecraftforge.event.entity.player.ItemTooltipEvent","net.minecraftforge.event.entity.living.LivingGetProjectileEvent":"net.minecraftforge.event.entity.living.LivingGetProjectileEvent","net.minecraftforge.event.entity.EntityLeaveWorldEvent":"net.minecraftforge.event.entity.EntityLeaveWorldEvent","net.minecraftforge.client.event.ScreenEvent$KeyboardKeyReleasedEvent$Pre":"net.minecraftforge.client.event.ScreenEvent$KeyboardKeyReleasedEvent$Pre","net.minecraftforge.event.TickEvent$WorldTickEvent":"net.minecraftforge.event.TickEvent$WorldTickEvent","net.minecraftforge.client.event.RegisterClientCommandsEvent":"net.minecraftforge.client.event.RegisterClientCommandsEvent","net.minecraftforge.event.DifficultyChangeEvent":"net.minecraftforge.event.DifficultyChangeEvent","net.minecraftforge.client.event.DrawSelectionEvent$HighlightBlock":"net.minecraftforge.client.event.DrawSelectionEvent$HighlightBlock","net.minecraftforge.event.entity.player.PlayerInteractEvent$LeftClickBlock":"net.minecraftforge.event.entity.player.PlayerInteractEvent$LeftClickBlock","net.minecraftforge.client.event.RenderGameOverlayEvent$PostLayer":"net.minecraftforge.client.event.RenderGameOverlayEvent$PostLayer","net.minecraftforge.event.entity.EntityMobGriefingEvent":"net.minecraftforge.event.entity.EntityMobGriefingEvent","com.tac.guns.client.event.PlayerModelEvent$Render$Pre":"com.tac.guns.client.event.PlayerModelEvent$Render$Pre","net.minecraftforge.client.event.InputEvent$ClickInputEvent":"net.minecraftforge.client.event.InputEvent$ClickInputEvent","net.minecraftforge.event.world.WorldEvent$Load":"net.minecraftforge.event.world.WorldEvent$Load","net.minecraftforge.client.event.ContainerScreenEvent$DrawBackground":"net.minecraftforge.client.event.ContainerScreenEvent$DrawBackground","com.tac.guns.client.event.PlayerModelEvent$SetupAngles$Post":"com.tac.guns.client.event.PlayerModelEvent$SetupAngles$Post","net.minecraftforge.client.event.ClientChatEvent":"net.minecraftforge.client.event.ClientChatEvent","net.minecraftforge.client.event.RenderGameOverlayEvent$Post":"net.minecraftforge.client.event.RenderGameOverlayEvent$Post","net.minecraftforge.event.entity.PlaySoundAtEntityEvent":"net.minecraftforge.event.entity.PlaySoundAtEntityEvent","net.minecraftforge.event.OnDatapackSyncEvent":"net.minecraftforge.event.OnDatapackSyncEvent","net.minecraftforge.client.event.ScreenEvent$MouseClickedEvent$Post":"net.minecraftforge.client.event.ScreenEvent$MouseClickedEvent$Post","net.minecraftforge.event.server.ServerAboutToStartEvent":"net.minecraftforge.event.server.ServerAboutToStartEvent","com.tac.guns.client.event.PlayerModelEvent$Render$Post":"com.tac.guns.client.event.PlayerModelEvent$Render$Post","mcp.mobius.waila.api.event.WailaRayTraceEvent":"mcp.mobius.waila.api.event.WailaRayTraceEvent","mcp.mobius.waila.api.event.WailaTooltipEvent":"mcp.mobius.waila.api.event.WailaTooltipEvent","net.minecraftforge.event.entity.EntityEvent$EntityConstructing":"net.minecraftforge.event.entity.EntityEvent$EntityConstructing","net.minecraftforge.client.event.ScreenOpenEvent":"net.minecraftforge.client.event.ScreenOpenEvent","net.minecraftforge.client.event.RenderArmEvent":"net.minecraftforge.client.event.RenderArmEvent","com.tac.guns.client.event.RenderItemEvent$Gui$Post":"com.tac.guns.client.event.RenderItemEvent$Gui$Post","net.minecraftforge.client.event.RenderLevelLastEvent":"net.minecraftforge.client.event.RenderLevelLastEvent","net.minecraftforge.client.event.EntityViewRenderEvent$FogDensity":"net.minecraftforge.client.event.EntityViewRenderEvent$FogDensity","net.minecraftforge.event.village.WandererTradesEvent":"net.minecraftforge.event.village.WandererTradesEvent","com.tac.guns.client.event.RenderItemEvent$Held$Post":"com.tac.guns.client.event.RenderItemEvent$Held$Post","net.minecraftforge.client.event.ScreenEvent$MouseDragEvent$Post":"net.minecraftforge.client.event.ScreenEvent$MouseDragEvent$Post","net.minecraftforge.event.entity.EntityEvent$Size":"net.minecraftforge.event.entity.EntityEvent$Size","net.minecraftforge.event.TickEvent$RenderTickEvent":"net.minecraftforge.event.TickEvent$RenderTickEvent","net.minecraftforge.client.event.ClientPlayerNetworkEvent$LoggedInEvent":"net.minecraftforge.client.event.ClientPlayerNetworkEvent$LoggedInEvent","net.minecraftforge.event.entity.player.PlayerContainerEvent$Close":"net.minecraftforge.event.entity.player.PlayerContainerEvent$Close","net.minecraftforge.client.event.FOVModifierEvent":"net.minecraftforge.client.event.FOVModifierEvent","net.minecraftforge.client.event.RenderPlayerEvent$Post":"net.minecraftforge.client.event.RenderPlayerEvent$Post","net.minecraftforge.event.world.ChunkEvent$Load":"net.minecraftforge.event.world.ChunkEvent$Load","net.minecraftforge.event.world.BlockEvent$BreakEvent":"net.minecraftforge.event.world.BlockEvent$BreakEvent","net.minecraftforge.event.world.ChunkDataEvent$Load":"net.minecraftforge.event.world.ChunkDataEvent$Load","net.minecraftforge.client.event.RecipesUpdatedEvent":"net.minecraftforge.client.event.RecipesUpdatedEvent","net.minecraftforge.event.world.BiomeLoadingEvent":"net.minecraftforge.event.world.BiomeLoadingEvent","net.minecraftforge.event.RegistryEvent$IdMappingEvent":"net.minecraftforge.event.RegistryEvent$IdMappingEvent","net.minecraftforge.event.entity.item.ItemExpireEvent":"net.minecraftforge.event.entity.item.ItemExpireEvent","net.minecraftforge.event.world.BlockEvent$EntityPlaceEvent":"net.minecraftforge.event.world.BlockEvent$EntityPlaceEvent","net.minecraftforge.client.event.MovementInputUpdateEvent":"net.minecraftforge.client.event.MovementInputUpdateEvent","net.minecraftforge.event.entity.player.PlayerInteractEvent$RightClickBlock":"net.minecraftforge.event.entity.player.PlayerInteractEvent$RightClickBlock","net.minecraftforge.event.entity.player.AdvancementEvent":"net.minecraftforge.event.entity.player.AdvancementEvent","net.minecraftforge.client.event.ScreenEvent$MouseDragEvent$Pre":"net.minecraftforge.client.event.ScreenEvent$MouseDragEvent$Pre","net.minecraftforge.client.event.ScreenEvent$MouseReleasedEvent$Pre":"net.minecraftforge.client.event.ScreenEvent$MouseReleasedEvent$Pre","com.jozufozu.flywheel.event.BeginFrameEvent":"com.jozufozu.flywheel.event.BeginFrameEvent","net.minecraftforge.event.entity.player.PlayerContainerEvent$Open":"net.minecraftforge.event.entity.player.PlayerContainerEvent$Open","net.minecraftforge.event.entity.living.LivingAttackEvent":"net.minecraftforge.event.entity.living.LivingAttackEvent","net.minecraftforge.client.event.RenderGameOverlayEvent$Chat":"net.minecraftforge.client.event.RenderGameOverlayEvent$Chat","net.minecraftforge.client.event.RenderLevelStageEvent":"net.minecraftforge.client.event.RenderLevelStageEvent","net.minecraftforge.event.entity.player.PlayerNegotiationEvent":"net.minecraftforge.event.entity.player.PlayerNegotiationEvent","net.minecraftforge.client.event.ClientPlayerNetworkEvent$LoggedOutEvent":"net.minecraftforge.client.event.ClientPlayerNetworkEvent$LoggedOutEvent","net.minecraftforge.client.event.ScreenEvent$DrawScreenEvent$Pre":"net.minecraftforge.client.event.ScreenEvent$DrawScreenEvent$Pre","net.minecraftforge.client.event.ScreenEvent$KeyboardKeyPressedEvent$Post":"net.minecraftforge.client.event.ScreenEvent$KeyboardKeyPressedEvent$Post","net.minecraftforge.client.event.ScreenEvent$KeyboardCharTypedEvent$Post":"net.minecraftforge.client.event.ScreenEvent$KeyboardCharTypedEvent$Post","net.minecraftforge.server.permission.events.PermissionGatherEvent$Nodes":"net.minecraftforge.server.permission.events.PermissionGatherEvent$Nodes","com.jozufozu.flywheel.event.RenderLayerEvent":"com.jozufozu.flywheel.event.RenderLayerEvent","net.minecraftforge.event.TickEvent$PlayerTickEvent":"net.minecraftforge.event.TickEvent$PlayerTickEvent","net.minecraftforge.server.permission.events.PermissionGatherEvent$Handler":"net.minecraftforge.server.permission.events.PermissionGatherEvent$Handler","net.minecraftforge.event.entity.player.PlayerEvent$TabListNameFormat":"net.minecraftforge.event.entity.player.PlayerEvent$TabListNameFormat","net.minecraftforge.event.entity.living.LivingEvent$LivingJumpEvent":"net.minecraftforge.event.entity.living.LivingEvent$LivingJumpEvent","net.minecraftforge.event.entity.player.PlayerFlyableFallEvent":"net.minecraftforge.event.entity.player.PlayerFlyableFallEvent","net.minecraftforge.event.entity.player.PlayerEvent$StartTracking":"net.minecraftforge.event.entity.player.PlayerEvent$StartTracking","com.tac.guns.client.event.RenderItemEvent$Held$Pre":"com.tac.guns.client.event.RenderItemEvent$Held$Pre","net.minecraftforge.client.event.InputEvent$KeyInputEvent":"net.minecraftforge.client.event.InputEvent$KeyInputEvent","net.minecraftforge.event.LootTableLoadEvent":"net.minecraftforge.event.LootTableLoadEvent","net.minecraftforge.client.event.RenderGameOverlayEvent$PreLayer":"net.minecraftforge.client.event.RenderGameOverlayEvent$PreLayer","net.minecraftforge.client.event.ScreenEvent$KeyboardCharTypedEvent$Pre":"net.minecraftforge.client.event.ScreenEvent$KeyboardCharTypedEvent$Pre","net.minecraftforge.event.entity.player.PlayerEvent$NameFormat":"net.minecraftforge.event.entity.player.PlayerEvent$NameFormat","net.minecraftforge.client.event.EntityViewRenderEvent$FieldOfView":"net.minecraftforge.client.event.EntityViewRenderEvent$FieldOfView","net.minecraftforge.client.event.ClientChatReceivedEvent":"net.minecraftforge.client.event.ClientChatReceivedEvent","net.minecraftforge.client.event.ScreenEvent$MouseScrollEvent$Pre":"net.minecraftforge.client.event.ScreenEvent$MouseScrollEvent$Pre","net.minecraftforge.client.event.ScreenEvent$InitScreenEvent$Pre":"net.minecraftforge.client.event.ScreenEvent$InitScreenEvent$Pre","net.minecraftforge.client.event.RenderGameOverlayEvent$Pre":"net.minecraftforge.client.event.RenderGameOverlayEvent$Pre","net.minecraftforge.event.entity.living.LivingEquipmentChangeEvent":"net.minecraftforge.event.entity.living.LivingEquipmentChangeEvent","net.minecraftforge.event.TickEvent$ClientTickEvent":"net.minecraftforge.event.TickEvent$ClientTickEvent","net.minecraftforge.event.world.WorldEvent$Save":"net.minecraftforge.event.world.WorldEvent$Save","mcp.mobius.waila.api.event.WailaRenderEvent$Pre":"mcp.mobius.waila.api.event.WailaRenderEvent$Pre","net.minecraftforge.event.world.BlockEvent$CreateFluidSourceEvent":"net.minecraftforge.event.world.BlockEvent$CreateFluidSourceEvent","net.minecraftforge.client.event.sound.PlaySoundEvent":"net.minecraftforge.client.event.sound.PlaySoundEvent","com.jozufozu.flywheel.event.ReloadRenderersEvent":"com.jozufozu.flywheel.event.ReloadRenderersEvent","net.minecraftforge.event.server.ServerStartingEvent":"net.minecraftforge.event.server.ServerStartingEvent","net.minecraftforge.client.event.InputEvent$RawMouseEvent":"net.minecraftforge.client.event.InputEvent$RawMouseEvent","net.minecraftforge.client.event.RenderTooltipEvent$Pre":"net.minecraftforge.client.event.RenderTooltipEvent$Pre","net.minecraftforge.event.VanillaGameEvent":"net.minecraftforge.event.VanillaGameEvent","net.minecraftforge.event.world.BlockEvent$CropGrowEvent$Pre":"net.minecraftforge.event.world.BlockEvent$CropGrowEvent$Pre","net.minecraftforge.event.world.BlockEvent$CropGrowEvent$Post":"net.minecraftforge.event.world.BlockEvent$CropGrowEvent$Post","net.minecraftforge.event.CommandEvent":"net.minecraftforge.event.CommandEvent","net.minecraftforge.client.event.ScreenEvent$BackgroundDrawnEvent":"net.minecraftforge.client.event.ScreenEvent$BackgroundDrawnEvent","net.minecraftforge.client.event.RenderLivingEvent$Post":"net.minecraftforge.client.event.RenderLivingEvent$Post","net.minecraftforge.client.event.ContainerScreenEvent$DrawForeground":"net.minecraftforge.client.event.ContainerScreenEvent$DrawForeground","net.minecraftforge.client.event.RenderTooltipEvent$Color":"net.minecraftforge.client.event.RenderTooltipEvent$Color","net.minecraftforge.event.TickEvent$ServerTickEvent":"net.minecraftforge.event.TickEvent$ServerTickEvent","com.tac.guns.client.event.RenderItemEvent$Gui$Pre":"com.tac.guns.client.event.RenderItemEvent$Gui$Pre","net.minecraftforge.client.event.RenderPlayerEvent$Pre":"net.minecraftforge.client.event.RenderPlayerEvent$Pre","net.minecraftforge.client.event.RenderGameOverlayEvent$Text":"net.minecraftforge.client.event.RenderGameOverlayEvent$Text","net.minecraftforge.client.event.ScreenEvent$KeyboardKeyReleasedEvent$Post":"net.minecraftforge.client.event.ScreenEvent$KeyboardKeyReleasedEvent$Post","net.minecraftforge.event.entity.EntityEvent$EnteringSection":"net.minecraftforge.event.entity.EntityEvent$EnteringSection","net.minecraftforge.event.AttachCapabilitiesEvent":"net.minecraftforge.event.AttachCapabilitiesEvent","net.minecraftforge.event.ItemAttributeModifierEvent":"net.minecraftforge.event.ItemAttributeModifierEvent","net.minecraftforge.client.event.RenderTooltipEvent$GatherComponents":"net.minecraftforge.client.event.RenderTooltipEvent$GatherComponents","net.minecraftforge.client.event.ScreenEvent$KeyboardKeyPressedEvent$Pre":"net.minecraftforge.client.event.ScreenEvent$KeyboardKeyPressedEvent$Pre","net.minecraftforge.client.event.sound.PlaySoundSourceEvent":"net.minecraftforge.client.event.sound.PlaySoundSourceEvent","net.minecraftforge.event.entity.player.PlayerEvent$SaveToFile":"net.minecraftforge.event.entity.player.PlayerEvent$SaveToFile","net.minecraftforge.event.entity.living.LivingFallEvent":"net.minecraftforge.event.entity.living.LivingFallEvent","net.minecraftforge.event.world.BlockEvent$NeighborNotifyEvent":"net.minecraftforge.event.world.BlockEvent$NeighborNotifyEvent","net.minecraftforge.client.event.ScreenEvent$InitScreenEvent$Post":"net.minecraftforge.client.event.ScreenEvent$InitScreenEvent$Post","net.minecraftforge.event.entity.player.PlayerXpEvent$XpChange":"net.minecraftforge.event.entity.player.PlayerXpEvent$XpChange","net.minecraftforge.event.entity.living.LivingEvent$LivingUpdateEvent":"net.minecraftforge.event.entity.living.LivingEvent$LivingUpdateEvent","net.minecraftforge.event.world.ChunkDataEvent$Save":"net.minecraftforge.event.world.ChunkDataEvent$Save","mcp.mobius.waila.api.event.WailaRenderEvent$Post":"mcp.mobius.waila.api.event.WailaRenderEvent$Post"}